{"cameraMode":{"drawMode":0,"name":"Shaded","section":"Shading Mode"},"sceneLighting":true,"audioPlay":false,"sceneViewState":{"showFog":true,"showMaterialUpdate":false,"showSkybox":true,"showFlares":true,"showImageEffects":true,"showParticleSystems":true},"in2DMode":false,"pivot":{"x":-0.8512797355651856,"y":0.46889543533325198,"z":0.5190072059631348},"rotation":{"x":-0.10087895393371582,"y":0.8843845129013062,"z":-0.2251700907945633,"w":-0.3962146043777466},"size":4.36043119430542,"orthographic":false}